sample-id	absolute-filepath
SRR6267517	/datasets/project_2/colombia/seqs/SRR6267517_1.fastq.gz
SRR6267450	/datasets/project_2/colombia/seqs/SRR6267450_1.fastq.gz
SRR6267686	/datasets/project_2/colombia/seqs/SRR6267686_1.fastq.gz
SRR6267610	/datasets/project_2/colombia/seqs/SRR6267610_1.fastq.gz
SRR6267420	/datasets/project_2/colombia/seqs/SRR6267420_1.fastq.gz
SRR6267498	/datasets/project_2/colombia/seqs/SRR6267498_1.fastq.gz
SRR6267807	/datasets/project_2/colombia/seqs/SRR6267807_1.fastq.gz
SRR6267605	/datasets/project_2/colombia/seqs/SRR6267605_1.fastq.gz
SRR6267439	/datasets/project_2/colombia/seqs/SRR6267439_1.fastq.gz
SRR6267483	/datasets/project_2/colombia/seqs/SRR6267483_1.fastq.gz
SRR6267529	/datasets/project_2/colombia/seqs/SRR6267529_1.fastq.gz
SRR6267588	/datasets/project_2/colombia/seqs/SRR6267588_1.fastq.gz
SRR6267654	/datasets/project_2/colombia/seqs/SRR6267654_1.fastq.gz
SRR6267676	/datasets/project_2/colombia/seqs/SRR6267676_1.fastq.gz
SRR6267696	/datasets/project_2/colombia/seqs/SRR6267696_1.fastq.gz
SRR6267432	/datasets/project_2/colombia/seqs/SRR6267432_1.fastq.gz
SRR6267388	/datasets/project_2/colombia/seqs/SRR6267388_1.fastq.gz
SRR6267632	/datasets/project_2/colombia/seqs/SRR6267632_1.fastq.gz
SRR6267557	/datasets/project_2/colombia/seqs/SRR6267557_1.fastq.gz
SRR6267600	/datasets/project_2/colombia/seqs/SRR6267600_1.fastq.gz
SRR6267809	/datasets/project_2/colombia/seqs/SRR6267809_1.fastq.gz
SRR6267520	/datasets/project_2/colombia/seqs/SRR6267520_1.fastq.gz
SRR6267670	/datasets/project_2/colombia/seqs/SRR6267670_1.fastq.gz
SRR6267469	/datasets/project_2/colombia/seqs/SRR6267469_1.fastq.gz
SRR6267663	/datasets/project_2/colombia/seqs/SRR6267663_1.fastq.gz
SRR6267664	/datasets/project_2/colombia/seqs/SRR6267664_1.fastq.gz
SRR6267659	/datasets/project_2/colombia/seqs/SRR6267659_1.fastq.gz
SRR6267415	/datasets/project_2/colombia/seqs/SRR6267415_1.fastq.gz
SRR6267522	/datasets/project_2/colombia/seqs/SRR6267522_1.fastq.gz
SRR6267575	/datasets/project_2/colombia/seqs/SRR6267575_1.fastq.gz
SRR6267786	/datasets/project_2/colombia/seqs/SRR6267786_1.fastq.gz
SRR6267545	/datasets/project_2/colombia/seqs/SRR6267545_1.fastq.gz
SRR6267623	/datasets/project_2/colombia/seqs/SRR6267623_1.fastq.gz
SRR6267511	/datasets/project_2/colombia/seqs/SRR6267511_1.fastq.gz
SRR6267699	/datasets/project_2/colombia/seqs/SRR6267699_1.fastq.gz
SRR6267672	/datasets/project_2/colombia/seqs/SRR6267672_1.fastq.gz
SRR6267795	/datasets/project_2/colombia/seqs/SRR6267795_1.fastq.gz
SRR6267708	/datasets/project_2/colombia/seqs/SRR6267708_1.fastq.gz
SRR6267698	/datasets/project_2/colombia/seqs/SRR6267698_1.fastq.gz
SRR6267528	/datasets/project_2/colombia/seqs/SRR6267528_1.fastq.gz
SRR6267737	/datasets/project_2/colombia/seqs/SRR6267737_1.fastq.gz
SRR6267721	/datasets/project_2/colombia/seqs/SRR6267721_1.fastq.gz
SRR6267464	/datasets/project_2/colombia/seqs/SRR6267464_1.fastq.gz
SRR6267774	/datasets/project_2/colombia/seqs/SRR6267774_1.fastq.gz
SRR6267647	/datasets/project_2/colombia/seqs/SRR6267647_1.fastq.gz
SRR6267585	/datasets/project_2/colombia/seqs/SRR6267585_1.fastq.gz
SRR6267642	/datasets/project_2/colombia/seqs/SRR6267642_1.fastq.gz
SRR6267665	/datasets/project_2/colombia/seqs/SRR6267665_1.fastq.gz
SRR6267452	/datasets/project_2/colombia/seqs/SRR6267452_1.fastq.gz
SRR6267382	/datasets/project_2/colombia/seqs/SRR6267382_1.fastq.gz
SRR6267662	/datasets/project_2/colombia/seqs/SRR6267662_1.fastq.gz
SRR6267556	/datasets/project_2/colombia/seqs/SRR6267556_1.fastq.gz
SRR6267603	/datasets/project_2/colombia/seqs/SRR6267603_1.fastq.gz
SRR6267614	/datasets/project_2/colombia/seqs/SRR6267614_1.fastq.gz
SRR6267744	/datasets/project_2/colombia/seqs/SRR6267744_1.fastq.gz
SRR6267493	/datasets/project_2/colombia/seqs/SRR6267493_1.fastq.gz
SRR6267771	/datasets/project_2/colombia/seqs/SRR6267771_1.fastq.gz
SRR6267602	/datasets/project_2/colombia/seqs/SRR6267602_1.fastq.gz
SRR6267549	/datasets/project_2/colombia/seqs/SRR6267549_1.fastq.gz
SRR6267705	/datasets/project_2/colombia/seqs/SRR6267705_1.fastq.gz
SRR6267444	/datasets/project_2/colombia/seqs/SRR6267444_1.fastq.gz
SRR6267778	/datasets/project_2/colombia/seqs/SRR6267778_1.fastq.gz
SRR6267477	/datasets/project_2/colombia/seqs/SRR6267477_1.fastq.gz
SRR6267558	/datasets/project_2/colombia/seqs/SRR6267558_1.fastq.gz
SRR6267775	/datasets/project_2/colombia/seqs/SRR6267775_1.fastq.gz
SRR6267421	/datasets/project_2/colombia/seqs/SRR6267421_1.fastq.gz
SRR6267687	/datasets/project_2/colombia/seqs/SRR6267687_1.fastq.gz
SRR6267384	/datasets/project_2/colombia/seqs/SRR6267384_1.fastq.gz
SRR6267389	/datasets/project_2/colombia/seqs/SRR6267389_1.fastq.gz
SRR6267674	/datasets/project_2/colombia/seqs/SRR6267674_1.fastq.gz
SRR6267780	/datasets/project_2/colombia/seqs/SRR6267780_1.fastq.gz
SRR6267531	/datasets/project_2/colombia/seqs/SRR6267531_1.fastq.gz
SRR6267684	/datasets/project_2/colombia/seqs/SRR6267684_1.fastq.gz
SRR6267631	/datasets/project_2/colombia/seqs/SRR6267631_1.fastq.gz
SRR6267606	/datasets/project_2/colombia/seqs/SRR6267606_1.fastq.gz
SRR6267544	/datasets/project_2/colombia/seqs/SRR6267544_1.fastq.gz
SRR6267472	/datasets/project_2/colombia/seqs/SRR6267472_1.fastq.gz
SRR6267398	/datasets/project_2/colombia/seqs/SRR6267398_1.fastq.gz
SRR6267692	/datasets/project_2/colombia/seqs/SRR6267692_1.fastq.gz
SRR6267506	/datasets/project_2/colombia/seqs/SRR6267506_1.fastq.gz
SRR6267816	/datasets/project_2/colombia/seqs/SRR6267816_1.fastq.gz
SRR6267527	/datasets/project_2/colombia/seqs/SRR6267527_1.fastq.gz
SRR6267479	/datasets/project_2/colombia/seqs/SRR6267479_1.fastq.gz
SRR6267767	/datasets/project_2/colombia/seqs/SRR6267767_1.fastq.gz
SRR6267697	/datasets/project_2/colombia/seqs/SRR6267697_1.fastq.gz
SRR6267635	/datasets/project_2/colombia/seqs/SRR6267635_1.fastq.gz
SRR6267793	/datasets/project_2/colombia/seqs/SRR6267793_1.fastq.gz
SRR6267548	/datasets/project_2/colombia/seqs/SRR6267548_1.fastq.gz
SRR6267738	/datasets/project_2/colombia/seqs/SRR6267738_1.fastq.gz
SRR6267813	/datasets/project_2/colombia/seqs/SRR6267813_1.fastq.gz
SRR6267749	/datasets/project_2/colombia/seqs/SRR6267749_1.fastq.gz
SRR6267571	/datasets/project_2/colombia/seqs/SRR6267571_1.fastq.gz
SRR6267486	/datasets/project_2/colombia/seqs/SRR6267486_1.fastq.gz
SRR6267524	/datasets/project_2/colombia/seqs/SRR6267524_1.fastq.gz
SRR6267441	/datasets/project_2/colombia/seqs/SRR6267441_1.fastq.gz
SRR6267799	/datasets/project_2/colombia/seqs/SRR6267799_1.fastq.gz
SRR6267801	/datasets/project_2/colombia/seqs/SRR6267801_1.fastq.gz
SRR6267649	/datasets/project_2/colombia/seqs/SRR6267649_1.fastq.gz
SRR6267555	/datasets/project_2/colombia/seqs/SRR6267555_1.fastq.gz
SRR6267516	/datasets/project_2/colombia/seqs/SRR6267516_1.fastq.gz
SRR6267819	/datasets/project_2/colombia/seqs/SRR6267819_1.fastq.gz
SRR6267488	/datasets/project_2/colombia/seqs/SRR6267488_1.fastq.gz
SRR6267394	/datasets/project_2/colombia/seqs/SRR6267394_1.fastq.gz
SRR6267573	/datasets/project_2/colombia/seqs/SRR6267573_1.fastq.gz
SRR6267713	/datasets/project_2/colombia/seqs/SRR6267713_1.fastq.gz
SRR6267401	/datasets/project_2/colombia/seqs/SRR6267401_1.fastq.gz
SRR6267554	/datasets/project_2/colombia/seqs/SRR6267554_1.fastq.gz
SRR6267796	/datasets/project_2/colombia/seqs/SRR6267796_1.fastq.gz
SRR6267612	/datasets/project_2/colombia/seqs/SRR6267612_1.fastq.gz
SRR6267637	/datasets/project_2/colombia/seqs/SRR6267637_1.fastq.gz
SRR6267466	/datasets/project_2/colombia/seqs/SRR6267466_1.fastq.gz
SRR6267547	/datasets/project_2/colombia/seqs/SRR6267547_1.fastq.gz
SRR6267814	/datasets/project_2/colombia/seqs/SRR6267814_1.fastq.gz
SRR6267752	/datasets/project_2/colombia/seqs/SRR6267752_1.fastq.gz
SRR6267718	/datasets/project_2/colombia/seqs/SRR6267718_1.fastq.gz
SRR6267562	/datasets/project_2/colombia/seqs/SRR6267562_1.fastq.gz
SRR6267817	/datasets/project_2/colombia/seqs/SRR6267817_1.fastq.gz
SRR6267509	/datasets/project_2/colombia/seqs/SRR6267509_1.fastq.gz
SRR6267561	/datasets/project_2/colombia/seqs/SRR6267561_1.fastq.gz
SRR6267646	/datasets/project_2/colombia/seqs/SRR6267646_1.fastq.gz
SRR6267417	/datasets/project_2/colombia/seqs/SRR6267417_1.fastq.gz
SRR6267424	/datasets/project_2/colombia/seqs/SRR6267424_1.fastq.gz
SRR6267386	/datasets/project_2/colombia/seqs/SRR6267386_1.fastq.gz
SRR6267540	/datasets/project_2/colombia/seqs/SRR6267540_1.fastq.gz
SRR6267428	/datasets/project_2/colombia/seqs/SRR6267428_1.fastq.gz
SRR6267492	/datasets/project_2/colombia/seqs/SRR6267492_1.fastq.gz
SRR6267794	/datasets/project_2/colombia/seqs/SRR6267794_1.fastq.gz
SRR6267636	/datasets/project_2/colombia/seqs/SRR6267636_1.fastq.gz
SRR6267712	/datasets/project_2/colombia/seqs/SRR6267712_1.fastq.gz
SRR6267746	/datasets/project_2/colombia/seqs/SRR6267746_1.fastq.gz
SRR6267485	/datasets/project_2/colombia/seqs/SRR6267485_1.fastq.gz
SRR6267418	/datasets/project_2/colombia/seqs/SRR6267418_1.fastq.gz
SRR6267625	/datasets/project_2/colombia/seqs/SRR6267625_1.fastq.gz
SRR6267408	/datasets/project_2/colombia/seqs/SRR6267408_1.fastq.gz
SRR6267592	/datasets/project_2/colombia/seqs/SRR6267592_1.fastq.gz
SRR6267785	/datasets/project_2/colombia/seqs/SRR6267785_1.fastq.gz
SRR6267445	/datasets/project_2/colombia/seqs/SRR6267445_1.fastq.gz
SRR6267743	/datasets/project_2/colombia/seqs/SRR6267743_1.fastq.gz
SRR6267570	/datasets/project_2/colombia/seqs/SRR6267570_1.fastq.gz
SRR6267653	/datasets/project_2/colombia/seqs/SRR6267653_1.fastq.gz
SRR6267745	/datasets/project_2/colombia/seqs/SRR6267745_1.fastq.gz
SRR6267800	/datasets/project_2/colombia/seqs/SRR6267800_1.fastq.gz
SRR6267812	/datasets/project_2/colombia/seqs/SRR6267812_1.fastq.gz
SRR6267400	/datasets/project_2/colombia/seqs/SRR6267400_1.fastq.gz
SRR6267626	/datasets/project_2/colombia/seqs/SRR6267626_1.fastq.gz
SRR6267551	/datasets/project_2/colombia/seqs/SRR6267551_1.fastq.gz
SRR6267806	/datasets/project_2/colombia/seqs/SRR6267806_1.fastq.gz
SRR6267616	/datasets/project_2/colombia/seqs/SRR6267616_1.fastq.gz
SRR6267574	/datasets/project_2/colombia/seqs/SRR6267574_1.fastq.gz
SRR6267766	/datasets/project_2/colombia/seqs/SRR6267766_1.fastq.gz
SRR6267787	/datasets/project_2/colombia/seqs/SRR6267787_1.fastq.gz
SRR6267736	/datasets/project_2/colombia/seqs/SRR6267736_1.fastq.gz
SRR6267491	/datasets/project_2/colombia/seqs/SRR6267491_1.fastq.gz
SRR6267727	/datasets/project_2/colombia/seqs/SRR6267727_1.fastq.gz
SRR6267582	/datasets/project_2/colombia/seqs/SRR6267582_1.fastq.gz
SRR6267624	/datasets/project_2/colombia/seqs/SRR6267624_1.fastq.gz
SRR6267427	/datasets/project_2/colombia/seqs/SRR6267427_1.fastq.gz
SRR6267489	/datasets/project_2/colombia/seqs/SRR6267489_1.fastq.gz
SRR6267729	/datasets/project_2/colombia/seqs/SRR6267729_1.fastq.gz
SRR6267734	/datasets/project_2/colombia/seqs/SRR6267734_1.fastq.gz
SRR6267716	/datasets/project_2/colombia/seqs/SRR6267716_1.fastq.gz
SRR6267776	/datasets/project_2/colombia/seqs/SRR6267776_1.fastq.gz
SRR6267628	/datasets/project_2/colombia/seqs/SRR6267628_1.fastq.gz
SRR6267521	/datasets/project_2/colombia/seqs/SRR6267521_1.fastq.gz
SRR6267621	/datasets/project_2/colombia/seqs/SRR6267621_1.fastq.gz
SRR6267513	/datasets/project_2/colombia/seqs/SRR6267513_1.fastq.gz
SRR6267412	/datasets/project_2/colombia/seqs/SRR6267412_1.fastq.gz
SRR6267499	/datasets/project_2/colombia/seqs/SRR6267499_1.fastq.gz
SRR6267481	/datasets/project_2/colombia/seqs/SRR6267481_1.fastq.gz
SRR6267802	/datasets/project_2/colombia/seqs/SRR6267802_1.fastq.gz
SRR6267594	/datasets/project_2/colombia/seqs/SRR6267594_1.fastq.gz
SRR6267434	/datasets/project_2/colombia/seqs/SRR6267434_1.fastq.gz
SRR6267673	/datasets/project_2/colombia/seqs/SRR6267673_1.fastq.gz
SRR6267515	/datasets/project_2/colombia/seqs/SRR6267515_1.fastq.gz
SRR6267643	/datasets/project_2/colombia/seqs/SRR6267643_1.fastq.gz
SRR6267650	/datasets/project_2/colombia/seqs/SRR6267650_1.fastq.gz
SRR6267565	/datasets/project_2/colombia/seqs/SRR6267565_1.fastq.gz
SRR6267596	/datasets/project_2/colombia/seqs/SRR6267596_1.fastq.gz
SRR6267508	/datasets/project_2/colombia/seqs/SRR6267508_1.fastq.gz
SRR6267710	/datasets/project_2/colombia/seqs/SRR6267710_1.fastq.gz
SRR6267409	/datasets/project_2/colombia/seqs/SRR6267409_1.fastq.gz
SRR6267595	/datasets/project_2/colombia/seqs/SRR6267595_1.fastq.gz
SRR6267552	/datasets/project_2/colombia/seqs/SRR6267552_1.fastq.gz
SRR6267402	/datasets/project_2/colombia/seqs/SRR6267402_1.fastq.gz
SRR6267717	/datasets/project_2/colombia/seqs/SRR6267717_1.fastq.gz
SRR6267666	/datasets/project_2/colombia/seqs/SRR6267666_1.fastq.gz
SRR6267639	/datasets/project_2/colombia/seqs/SRR6267639_1.fastq.gz
SRR6267679	/datasets/project_2/colombia/seqs/SRR6267679_1.fastq.gz
SRR6267733	/datasets/project_2/colombia/seqs/SRR6267733_1.fastq.gz
SRR6267728	/datasets/project_2/colombia/seqs/SRR6267728_1.fastq.gz
SRR6267396	/datasets/project_2/colombia/seqs/SRR6267396_1.fastq.gz
SRR6267688	/datasets/project_2/colombia/seqs/SRR6267688_1.fastq.gz
SRR6267748	/datasets/project_2/colombia/seqs/SRR6267748_1.fastq.gz
SRR6267480	/datasets/project_2/colombia/seqs/SRR6267480_1.fastq.gz
SRR6267599	/datasets/project_2/colombia/seqs/SRR6267599_1.fastq.gz
SRR6267773	/datasets/project_2/colombia/seqs/SRR6267773_1.fastq.gz
SRR6267668	/datasets/project_2/colombia/seqs/SRR6267668_1.fastq.gz
SRR6267512	/datasets/project_2/colombia/seqs/SRR6267512_1.fastq.gz
SRR6267790	/datasets/project_2/colombia/seqs/SRR6267790_1.fastq.gz
SRR6267677	/datasets/project_2/colombia/seqs/SRR6267677_1.fastq.gz
SRR6267789	/datasets/project_2/colombia/seqs/SRR6267789_1.fastq.gz
SRR6267758	/datasets/project_2/colombia/seqs/SRR6267758_1.fastq.gz
SRR6267613	/datasets/project_2/colombia/seqs/SRR6267613_1.fastq.gz
SRR6267455	/datasets/project_2/colombia/seqs/SRR6267455_1.fastq.gz
SRR6267798	/datasets/project_2/colombia/seqs/SRR6267798_1.fastq.gz
SRR6267804	/datasets/project_2/colombia/seqs/SRR6267804_1.fastq.gz
SRR6267564	/datasets/project_2/colombia/seqs/SRR6267564_1.fastq.gz
SRR6267579	/datasets/project_2/colombia/seqs/SRR6267579_1.fastq.gz
SRR6267669	/datasets/project_2/colombia/seqs/SRR6267669_1.fastq.gz
SRR6267416	/datasets/project_2/colombia/seqs/SRR6267416_1.fastq.gz
SRR6267523	/datasets/project_2/colombia/seqs/SRR6267523_1.fastq.gz
SRR6267532	/datasets/project_2/colombia/seqs/SRR6267532_1.fastq.gz
SRR6267810	/datasets/project_2/colombia/seqs/SRR6267810_1.fastq.gz
SRR6267765	/datasets/project_2/colombia/seqs/SRR6267765_1.fastq.gz
SRR6267534	/datasets/project_2/colombia/seqs/SRR6267534_1.fastq.gz
SRR6267559	/datasets/project_2/colombia/seqs/SRR6267559_1.fastq.gz
SRR6267411	/datasets/project_2/colombia/seqs/SRR6267411_1.fastq.gz
SRR6267560	/datasets/project_2/colombia/seqs/SRR6267560_1.fastq.gz
SRR6267566	/datasets/project_2/colombia/seqs/SRR6267566_1.fastq.gz
SRR6267731	/datasets/project_2/colombia/seqs/SRR6267731_1.fastq.gz
SRR6267448	/datasets/project_2/colombia/seqs/SRR6267448_1.fastq.gz
SRR6267435	/datasets/project_2/colombia/seqs/SRR6267435_1.fastq.gz
SRR6267456	/datasets/project_2/colombia/seqs/SRR6267456_1.fastq.gz
SRR6267818	/datasets/project_2/colombia/seqs/SRR6267818_1.fastq.gz
SRR6267406	/datasets/project_2/colombia/seqs/SRR6267406_1.fastq.gz
SRR6267640	/datasets/project_2/colombia/seqs/SRR6267640_1.fastq.gz
SRR6267538	/datasets/project_2/colombia/seqs/SRR6267538_1.fastq.gz
SRR6267572	/datasets/project_2/colombia/seqs/SRR6267572_1.fastq.gz
SRR6267591	/datasets/project_2/colombia/seqs/SRR6267591_1.fastq.gz
SRR6267514	/datasets/project_2/colombia/seqs/SRR6267514_1.fastq.gz
SRR6267541	/datasets/project_2/colombia/seqs/SRR6267541_1.fastq.gz
SRR6267414	/datasets/project_2/colombia/seqs/SRR6267414_1.fastq.gz
SRR6267546	/datasets/project_2/colombia/seqs/SRR6267546_1.fastq.gz
SRR6267463	/datasets/project_2/colombia/seqs/SRR6267463_1.fastq.gz
SRR6267454	/datasets/project_2/colombia/seqs/SRR6267454_1.fastq.gz
SRR6267715	/datasets/project_2/colombia/seqs/SRR6267715_1.fastq.gz
SRR6267630	/datasets/project_2/colombia/seqs/SRR6267630_1.fastq.gz
SRR6267390	/datasets/project_2/colombia/seqs/SRR6267390_1.fastq.gz
SRR6267419	/datasets/project_2/colombia/seqs/SRR6267419_1.fastq.gz
SRR6267458	/datasets/project_2/colombia/seqs/SRR6267458_1.fastq.gz
SRR6267490	/datasets/project_2/colombia/seqs/SRR6267490_1.fastq.gz
SRR6267397	/datasets/project_2/colombia/seqs/SRR6267397_1.fastq.gz
SRR6267542	/datasets/project_2/colombia/seqs/SRR6267542_1.fastq.gz
SRR6267638	/datasets/project_2/colombia/seqs/SRR6267638_1.fastq.gz
SRR6267730	/datasets/project_2/colombia/seqs/SRR6267730_1.fastq.gz
SRR6267761	/datasets/project_2/colombia/seqs/SRR6267761_1.fastq.gz
SRR6267772	/datasets/project_2/colombia/seqs/SRR6267772_1.fastq.gz
SRR6267644	/datasets/project_2/colombia/seqs/SRR6267644_1.fastq.gz
SRR6267597	/datasets/project_2/colombia/seqs/SRR6267597_1.fastq.gz
SRR6267792	/datasets/project_2/colombia/seqs/SRR6267792_1.fastq.gz
SRR6267608	/datasets/project_2/colombia/seqs/SRR6267608_1.fastq.gz
SRR6267714	/datasets/project_2/colombia/seqs/SRR6267714_1.fastq.gz
SRR6267617	/datasets/project_2/colombia/seqs/SRR6267617_1.fastq.gz
SRR6267404	/datasets/project_2/colombia/seqs/SRR6267404_1.fastq.gz
SRR6267433	/datasets/project_2/colombia/seqs/SRR6267433_1.fastq.gz
SRR6267760	/datasets/project_2/colombia/seqs/SRR6267760_1.fastq.gz
SRR6267742	/datasets/project_2/colombia/seqs/SRR6267742_1.fastq.gz
SRR6267399	/datasets/project_2/colombia/seqs/SRR6267399_1.fastq.gz
SRR6267656	/datasets/project_2/colombia/seqs/SRR6267656_1.fastq.gz
SRR6267380	/datasets/project_2/colombia/seqs/SRR6267380_1.fastq.gz
SRR6267496	/datasets/project_2/colombia/seqs/SRR6267496_1.fastq.gz
SRR6267519	/datasets/project_2/colombia/seqs/SRR6267519_1.fastq.gz
SRR6267392	/datasets/project_2/colombia/seqs/SRR6267392_1.fastq.gz
SRR6267689	/datasets/project_2/colombia/seqs/SRR6267689_1.fastq.gz
SRR6267756	/datasets/project_2/colombia/seqs/SRR6267756_1.fastq.gz
SRR6267740	/datasets/project_2/colombia/seqs/SRR6267740_1.fastq.gz
SRR6267429	/datasets/project_2/colombia/seqs/SRR6267429_1.fastq.gz
SRR6267413	/datasets/project_2/colombia/seqs/SRR6267413_1.fastq.gz
SRR6267500	/datasets/project_2/colombia/seqs/SRR6267500_1.fastq.gz
SRR6267476	/datasets/project_2/colombia/seqs/SRR6267476_1.fastq.gz
SRR6267702	/datasets/project_2/colombia/seqs/SRR6267702_1.fastq.gz
SRR6267682	/datasets/project_2/colombia/seqs/SRR6267682_1.fastq.gz
SRR6267641	/datasets/project_2/colombia/seqs/SRR6267641_1.fastq.gz
SRR6267751	/datasets/project_2/colombia/seqs/SRR6267751_1.fastq.gz
SRR6267502	/datasets/project_2/colombia/seqs/SRR6267502_1.fastq.gz
SRR6267618	/datasets/project_2/colombia/seqs/SRR6267618_1.fastq.gz
SRR6267633	/datasets/project_2/colombia/seqs/SRR6267633_1.fastq.gz
SRR6267703	/datasets/project_2/colombia/seqs/SRR6267703_1.fastq.gz
SRR6267383	/datasets/project_2/colombia/seqs/SRR6267383_1.fastq.gz
SRR6267405	/datasets/project_2/colombia/seqs/SRR6267405_1.fastq.gz
SRR6267459	/datasets/project_2/colombia/seqs/SRR6267459_1.fastq.gz
SRR6267403	/datasets/project_2/colombia/seqs/SRR6267403_1.fastq.gz
SRR6267805	/datasets/project_2/colombia/seqs/SRR6267805_1.fastq.gz
SRR6267550	/datasets/project_2/colombia/seqs/SRR6267550_1.fastq.gz
SRR6267753	/datasets/project_2/colombia/seqs/SRR6267753_1.fastq.gz
SRR6267755	/datasets/project_2/colombia/seqs/SRR6267755_1.fastq.gz
SRR6267577	/datasets/project_2/colombia/seqs/SRR6267577_1.fastq.gz
SRR6267504	/datasets/project_2/colombia/seqs/SRR6267504_1.fastq.gz
SRR6267615	/datasets/project_2/colombia/seqs/SRR6267615_1.fastq.gz
SRR6267604	/datasets/project_2/colombia/seqs/SRR6267604_1.fastq.gz
SRR6267645	/datasets/project_2/colombia/seqs/SRR6267645_1.fastq.gz
SRR6267587	/datasets/project_2/colombia/seqs/SRR6267587_1.fastq.gz
SRR6267634	/datasets/project_2/colombia/seqs/SRR6267634_1.fastq.gz
SRR6267590	/datasets/project_2/colombia/seqs/SRR6267590_1.fastq.gz
SRR6267791	/datasets/project_2/colombia/seqs/SRR6267791_1.fastq.gz
SRR6267478	/datasets/project_2/colombia/seqs/SRR6267478_1.fastq.gz
SRR6267537	/datasets/project_2/colombia/seqs/SRR6267537_1.fastq.gz
SRR6267581	/datasets/project_2/colombia/seqs/SRR6267581_1.fastq.gz
SRR6267671	/datasets/project_2/colombia/seqs/SRR6267671_1.fastq.gz
SRR6267482	/datasets/project_2/colombia/seqs/SRR6267482_1.fastq.gz
SRR6267803	/datasets/project_2/colombia/seqs/SRR6267803_1.fastq.gz
SRR6267601	/datasets/project_2/colombia/seqs/SRR6267601_1.fastq.gz
SRR6267784	/datasets/project_2/colombia/seqs/SRR6267784_1.fastq.gz
SRR6267781	/datasets/project_2/colombia/seqs/SRR6267781_1.fastq.gz
SRR6267667	/datasets/project_2/colombia/seqs/SRR6267667_1.fastq.gz
SRR6267797	/datasets/project_2/colombia/seqs/SRR6267797_1.fastq.gz
SRR6267443	/datasets/project_2/colombia/seqs/SRR6267443_1.fastq.gz
SRR6267422	/datasets/project_2/colombia/seqs/SRR6267422_1.fastq.gz
SRR6267407	/datasets/project_2/colombia/seqs/SRR6267407_1.fastq.gz
SRR6267473	/datasets/project_2/colombia/seqs/SRR6267473_1.fastq.gz
SRR6267788	/datasets/project_2/colombia/seqs/SRR6267788_1.fastq.gz
SRR6267720	/datasets/project_2/colombia/seqs/SRR6267720_1.fastq.gz
SRR6267453	/datasets/project_2/colombia/seqs/SRR6267453_1.fastq.gz
SRR6267460	/datasets/project_2/colombia/seqs/SRR6267460_1.fastq.gz
SRR6267770	/datasets/project_2/colombia/seqs/SRR6267770_1.fastq.gz
SRR6267763	/datasets/project_2/colombia/seqs/SRR6267763_1.fastq.gz
SRR6267732	/datasets/project_2/colombia/seqs/SRR6267732_1.fastq.gz
SRR6267423	/datasets/project_2/colombia/seqs/SRR6267423_1.fastq.gz
SRR6267501	/datasets/project_2/colombia/seqs/SRR6267501_1.fastq.gz
SRR6267525	/datasets/project_2/colombia/seqs/SRR6267525_1.fastq.gz
SRR6267446	/datasets/project_2/colombia/seqs/SRR6267446_1.fastq.gz
SRR6267619	/datasets/project_2/colombia/seqs/SRR6267619_1.fastq.gz
SRR6267461	/datasets/project_2/colombia/seqs/SRR6267461_1.fastq.gz
SRR6267578	/datasets/project_2/colombia/seqs/SRR6267578_1.fastq.gz
SRR6267724	/datasets/project_2/colombia/seqs/SRR6267724_1.fastq.gz
SRR6267503	/datasets/project_2/colombia/seqs/SRR6267503_1.fastq.gz
SRR6267426	/datasets/project_2/colombia/seqs/SRR6267426_1.fastq.gz
SRR6267711	/datasets/project_2/colombia/seqs/SRR6267711_1.fastq.gz
SRR6267497	/datasets/project_2/colombia/seqs/SRR6267497_1.fastq.gz
SRR6267811	/datasets/project_2/colombia/seqs/SRR6267811_1.fastq.gz
SRR6267563	/datasets/project_2/colombia/seqs/SRR6267563_1.fastq.gz
SRR6267536	/datasets/project_2/colombia/seqs/SRR6267536_1.fastq.gz
SRR6267690	/datasets/project_2/colombia/seqs/SRR6267690_1.fastq.gz
SRR6267543	/datasets/project_2/colombia/seqs/SRR6267543_1.fastq.gz
SRR6267425	/datasets/project_2/colombia/seqs/SRR6267425_1.fastq.gz
SRR6267474	/datasets/project_2/colombia/seqs/SRR6267474_1.fastq.gz
SRR6267769	/datasets/project_2/colombia/seqs/SRR6267769_1.fastq.gz
SRR6267440	/datasets/project_2/colombia/seqs/SRR6267440_1.fastq.gz
SRR6267451	/datasets/project_2/colombia/seqs/SRR6267451_1.fastq.gz
SRR6267694	/datasets/project_2/colombia/seqs/SRR6267694_1.fastq.gz
SRR6267706	/datasets/project_2/colombia/seqs/SRR6267706_1.fastq.gz
SRR6267658	/datasets/project_2/colombia/seqs/SRR6267658_1.fastq.gz
SRR6267735	/datasets/project_2/colombia/seqs/SRR6267735_1.fastq.gz
SRR6267510	/datasets/project_2/colombia/seqs/SRR6267510_1.fastq.gz
SRR6267680	/datasets/project_2/colombia/seqs/SRR6267680_1.fastq.gz
SRR6267652	/datasets/project_2/colombia/seqs/SRR6267652_1.fastq.gz
SRR6267449	/datasets/project_2/colombia/seqs/SRR6267449_1.fastq.gz
SRR6267436	/datasets/project_2/colombia/seqs/SRR6267436_1.fastq.gz
SRR6267530	/datasets/project_2/colombia/seqs/SRR6267530_1.fastq.gz
SRR6267507	/datasets/project_2/colombia/seqs/SRR6267507_1.fastq.gz
SRR6267447	/datasets/project_2/colombia/seqs/SRR6267447_1.fastq.gz
SRR6267569	/datasets/project_2/colombia/seqs/SRR6267569_1.fastq.gz
SRR6267741	/datasets/project_2/colombia/seqs/SRR6267741_1.fastq.gz
SRR6267568	/datasets/project_2/colombia/seqs/SRR6267568_1.fastq.gz
SRR6267465	/datasets/project_2/colombia/seqs/SRR6267465_1.fastq.gz
SRR6267681	/datasets/project_2/colombia/seqs/SRR6267681_1.fastq.gz
SRR6267651	/datasets/project_2/colombia/seqs/SRR6267651_1.fastq.gz
SRR6267747	/datasets/project_2/colombia/seqs/SRR6267747_1.fastq.gz
SRR6267704	/datasets/project_2/colombia/seqs/SRR6267704_1.fastq.gz
SRR6267675	/datasets/project_2/colombia/seqs/SRR6267675_1.fastq.gz
SRR6267783	/datasets/project_2/colombia/seqs/SRR6267783_1.fastq.gz
SRR6267593	/datasets/project_2/colombia/seqs/SRR6267593_1.fastq.gz
SRR6267553	/datasets/project_2/colombia/seqs/SRR6267553_1.fastq.gz
SRR6267576	/datasets/project_2/colombia/seqs/SRR6267576_1.fastq.gz
SRR6267648	/datasets/project_2/colombia/seqs/SRR6267648_1.fastq.gz
SRR6267385	/datasets/project_2/colombia/seqs/SRR6267385_1.fastq.gz
SRR6267410	/datasets/project_2/colombia/seqs/SRR6267410_1.fastq.gz
SRR6267467	/datasets/project_2/colombia/seqs/SRR6267467_1.fastq.gz
SRR6267764	/datasets/project_2/colombia/seqs/SRR6267764_1.fastq.gz
SRR6267685	/datasets/project_2/colombia/seqs/SRR6267685_1.fastq.gz
SRR6267607	/datasets/project_2/colombia/seqs/SRR6267607_1.fastq.gz
SRR6267430	/datasets/project_2/colombia/seqs/SRR6267430_1.fastq.gz
SRR6267495	/datasets/project_2/colombia/seqs/SRR6267495_1.fastq.gz
SRR6267620	/datasets/project_2/colombia/seqs/SRR6267620_1.fastq.gz
SRR6267693	/datasets/project_2/colombia/seqs/SRR6267693_1.fastq.gz
SRR6267518	/datasets/project_2/colombia/seqs/SRR6267518_1.fastq.gz
SRR6267487	/datasets/project_2/colombia/seqs/SRR6267487_1.fastq.gz
SRR6267723	/datasets/project_2/colombia/seqs/SRR6267723_1.fastq.gz
SRR6267657	/datasets/project_2/colombia/seqs/SRR6267657_1.fastq.gz
SRR6267475	/datasets/project_2/colombia/seqs/SRR6267475_1.fastq.gz
SRR6267583	/datasets/project_2/colombia/seqs/SRR6267583_1.fastq.gz
SRR6267759	/datasets/project_2/colombia/seqs/SRR6267759_1.fastq.gz
SRR6267539	/datasets/project_2/colombia/seqs/SRR6267539_1.fastq.gz
SRR6267484	/datasets/project_2/colombia/seqs/SRR6267484_1.fastq.gz
SRR6267707	/datasets/project_2/colombia/seqs/SRR6267707_1.fastq.gz
SRR6267629	/datasets/project_2/colombia/seqs/SRR6267629_1.fastq.gz
SRR6267701	/datasets/project_2/colombia/seqs/SRR6267701_1.fastq.gz
SRR6267815	/datasets/project_2/colombia/seqs/SRR6267815_1.fastq.gz
SRR6267533	/datasets/project_2/colombia/seqs/SRR6267533_1.fastq.gz
SRR6267661	/datasets/project_2/colombia/seqs/SRR6267661_1.fastq.gz
SRR6267726	/datasets/project_2/colombia/seqs/SRR6267726_1.fastq.gz
SRR6267470	/datasets/project_2/colombia/seqs/SRR6267470_1.fastq.gz
SRR6267722	/datasets/project_2/colombia/seqs/SRR6267722_1.fastq.gz
SRR6267754	/datasets/project_2/colombia/seqs/SRR6267754_1.fastq.gz
SRR6267442	/datasets/project_2/colombia/seqs/SRR6267442_1.fastq.gz
SRR6267777	/datasets/project_2/colombia/seqs/SRR6267777_1.fastq.gz
SRR6267725	/datasets/project_2/colombia/seqs/SRR6267725_1.fastq.gz
SRR6267782	/datasets/project_2/colombia/seqs/SRR6267782_1.fastq.gz
SRR6267691	/datasets/project_2/colombia/seqs/SRR6267691_1.fastq.gz
SRR6267719	/datasets/project_2/colombia/seqs/SRR6267719_1.fastq.gz
SRR6267395	/datasets/project_2/colombia/seqs/SRR6267395_1.fastq.gz
SRR6267437	/datasets/project_2/colombia/seqs/SRR6267437_1.fastq.gz
SRR6267505	/datasets/project_2/colombia/seqs/SRR6267505_1.fastq.gz
SRR6267808	/datasets/project_2/colombia/seqs/SRR6267808_1.fastq.gz
SRR6267622	/datasets/project_2/colombia/seqs/SRR6267622_1.fastq.gz
SRR6267655	/datasets/project_2/colombia/seqs/SRR6267655_1.fastq.gz
SRR6267468	/datasets/project_2/colombia/seqs/SRR6267468_1.fastq.gz
SRR6267757	/datasets/project_2/colombia/seqs/SRR6267757_1.fastq.gz
SRR6267580	/datasets/project_2/colombia/seqs/SRR6267580_1.fastq.gz
SRR6267494	/datasets/project_2/colombia/seqs/SRR6267494_1.fastq.gz
SRR6267387	/datasets/project_2/colombia/seqs/SRR6267387_1.fastq.gz
SRR6267611	/datasets/project_2/colombia/seqs/SRR6267611_1.fastq.gz
SRR6267471	/datasets/project_2/colombia/seqs/SRR6267471_1.fastq.gz
SRR6267695	/datasets/project_2/colombia/seqs/SRR6267695_1.fastq.gz
SRR6267567	/datasets/project_2/colombia/seqs/SRR6267567_1.fastq.gz
SRR6267457	/datasets/project_2/colombia/seqs/SRR6267457_1.fastq.gz
SRR6267584	/datasets/project_2/colombia/seqs/SRR6267584_1.fastq.gz
SRR6267779	/datasets/project_2/colombia/seqs/SRR6267779_1.fastq.gz
SRR6267750	/datasets/project_2/colombia/seqs/SRR6267750_1.fastq.gz
SRR6267393	/datasets/project_2/colombia/seqs/SRR6267393_1.fastq.gz
SRR6267609	/datasets/project_2/colombia/seqs/SRR6267609_1.fastq.gz
SRR6267739	/datasets/project_2/colombia/seqs/SRR6267739_1.fastq.gz
SRR6267700	/datasets/project_2/colombia/seqs/SRR6267700_1.fastq.gz
SRR6267438	/datasets/project_2/colombia/seqs/SRR6267438_1.fastq.gz
SRR6267431	/datasets/project_2/colombia/seqs/SRR6267431_1.fastq.gz
SRR6267678	/datasets/project_2/colombia/seqs/SRR6267678_1.fastq.gz
SRR6267709	/datasets/project_2/colombia/seqs/SRR6267709_1.fastq.gz
SRR6267598	/datasets/project_2/colombia/seqs/SRR6267598_1.fastq.gz
SRR6267768	/datasets/project_2/colombia/seqs/SRR6267768_1.fastq.gz
SRR6267762	/datasets/project_2/colombia/seqs/SRR6267762_1.fastq.gz
SRR6267586	/datasets/project_2/colombia/seqs/SRR6267586_1.fastq.gz
SRR6267381	/datasets/project_2/colombia/seqs/SRR6267381_1.fastq.gz
SRR6267462	/datasets/project_2/colombia/seqs/SRR6267462_1.fastq.gz
SRR6267526	/datasets/project_2/colombia/seqs/SRR6267526_1.fastq.gz
SRR6267391	/datasets/project_2/colombia/seqs/SRR6267391_1.fastq.gz
SRR6267589	/datasets/project_2/colombia/seqs/SRR6267589_1.fastq.gz
SRR6267535	/datasets/project_2/colombia/seqs/SRR6267535_1.fastq.gz
SRR6267660	/datasets/project_2/colombia/seqs/SRR6267660_1.fastq.gz
SRR6267627	/datasets/project_2/colombia/seqs/SRR6267627_1.fastq.gz
SRR6267683	/datasets/project_2/colombia/seqs/SRR6267683_1.fastq.gz
SRR6267379	/datasets/project_2/colombia/seqs/SRR6267379_1.fastq.gz
